arpan.mukh@gmail.com, Arpan Mukherjee, https://www.linkedin.com/in/arpans/
sameerbv@outlook.com, Sameer Brij Verma, https://www.linkedin.com/in/sbverma/satish@yournest.in, Satish Mugulavalli, https://www.linkedin.com/in/satishmugulavalli/pratikpoddar05051989@gmail.com, Pratik Poddar, https://www.linkedin.com/in/pratikpoddar/amitabhshrivastava1@gmail.com, Amitabh Shrivastava, https://www.linkedin.com/in/amitabhshrivastava/ajay.imprints@gmail.com, Ajay Lakhotia, https://www.linkedin.com/in/ajaylakhotia/karthik.thasya@gmail.com, Karthik Narayanswamy, https://www.linkedin.com/in/karthik-narayanswamy-0927a8149/shm.vaio@gmail.com, Satish Mehta, https://www.linkedin.com/in/mehtasatish/sudhakar.t.paul@gmail.com, Sudhakar Paul, https://www.linkedin.com/in/sudhakar-paul-569b2023/robert.mittendorff@gmail.com, Robert Mittendorff, MD, MBA, https://www.linkedin.com/in/robertmittendorffmd/reichert@garage.com, Bill Reichert, https://www.linkedin.com/in/billreichert/anniruddha@gmail.com, Aniruddha Bhagat, https://www.linkedin.com/in/aniruddha-bhagat-0716a89/arpan.mukh@gmail.com, Arpan Mukherjee, https://www.linkedin.com/in/arpans/naveen.rajappa@gmail.com, Naveen Rajappa, https://www.linkedin.com/in/naveen-rajappa-a05b5b15/arvindshukla2410@gmail.com, Arvind Shukla, https://www.linkedin.com/in/arvind-shukla-a679774/sameerbv@outlook.com, Sameer Brij Verma, https://www.linkedin.com/in/sbverma/satish@yournest.in, Satish Mugulavalli, https://www.linkedin.com/in/satishmugulavalli/pratikpoddar05051989@gmail.com, Pratik Poddar, https://www.linkedin.com/in/pratikpoddar/amitabhshrivastava1@gmail.com, Amitabh Shrivastava, https://www.linkedin.com/in/amitabhshrivastava/ajay.imprints@gmail.com, Ajay Lakhotia, https://www.linkedin.com/in/ajaylakhotia/parag@inventusindia.com, Parag Dhol, https://www.linkedin.com/in/paragdhol/sameerbv@outlook.com, Sameer Brij Verma, https://www.linkedin.com/in/sbverma/ashish.agrawal@sequoiacap.com, Ashish Agrawal, https://www.linkedin.com/in/ashish-agrawal-ba3a706/sunishivananda@yahoo.co.in, Sunitha Prasad, https://www.linkedin.com/in/sunitha-prasad-73a9b09/kapilsuyal1991@gmail.com, Kapil Suyal, https://www.linkedin.com/in/kapil-suyal-investment-venture/krishna@telnetventures.com, Krishna Jha, https://www.linkedin.com/in/krishnajha/sugandh@gmail.com, Sugandh Rakha, https://www.linkedin.com/in/sugandh/shreekantmandke@hotmail.com, Shreekant Mandke, https://www.linkedin.com/in/shreekantmandke/ravi.shankar@nearbuy.com, Ravi Shankar L, https://www.linkedin.com/in/ravisl/luckyabhi@gmail.com, Abhijeet Kumar, https://www.linkedin.com/in/luckyabhi/rohit_kochar@hotmail.com, Rohit Kochar, https://www.linkedin.com/in/rohitkochar/abhinav@accel.com, Abhinav Chaturvedi, https://www.linkedin.com/in/abhinavchaturvedi/rajat@matrixpartners.in, Rajat Agarwal, https://www.linkedin.com/in/rajat-agarwal-643a726/arunkishanvr@gmail.com, Arun Kishan, https://www.linkedin.com/in/arunkishanvr/anup@oriosvp.com, Anup Jain, https://www.linkedin.com/in/anuporiosvp/